druh_stromu,prumer_kmene_cm,vyska_stromu_m,plocha_listu_m2,hmotnost_vetvi_kg
Pseudotsuga menziesii,54.61,27.03999951,338.485622,410.24638
Pseudotsuga menziesii,34.8,27.4199988,122.157864,83.6503
Pseudotsuga menziesii,24.89,21.23000017,3.958274,3.5127
Pseudotsuga menziesii,28.7,24.95999968,86.350653,73.13027
Pseudotsuga menziesii,34.8,29.98999968,63.350906,62.39044
Pseudotsuga menziesii,37.85,28.06999906,61.372765,53.86594
Pseudotsuga menziesii,22.61,23.42999913,32.077794,22.22474
Pseudotsuga menziesii,39.37,32.44999809,147.270523,119.38869
Pseudotsuga menziesii,39.88,30.10000028,141.787332,95.58503
Pseudotsuga menziesii,26.16,25.84999877,45.020041,45.33095
Pseudotsuga menziesii,43.69,31.82999998,145.809802,96.32311
Pseudotsuga menziesii,69.85,31.35000017,349.05701,543.97314
Pseudotsuga menziesii,44.45,32.61000019,176.029213,110.12476
Pseudotsuga menziesii,56.64,31.69999766,319.507115,260.48752
Pseudotsuga menziesii,54.61,30.17999806,234.368784,281.12312
Pseudotsuga menziesii,5.33,4.949999782,4.851567,2.67065
Pseudotsuga menziesii,6.1,5.26000011,7.595163,3.57145
Pseudotsuga menziesii,7.37,5.580000195,11.502851,4.58916
Pseudotsuga menziesii,8.33,6.470000131,25.380647,8.63615
Pseudotsuga menziesii,13.51,8.910000365,65.698749,34.93701
Pseudotsuga menziesii,51.31,33.30000015,160.839174,165.05529
Pseudotsuga menziesii,22.35,19.38999953,31.780702,35.64921
Pinus ponderosa,69.6,39.36999864,189.733007,452.42455
Pinus ponderosa,58.42,35.809999500000004,253.308265,595.64015
Pinus ponderosa,33.27,20.80000143,91.538428,160.44416
Pinus ponderosa,44.2,29.11000066,90.453658,149.72883
Pinus ponderosa,30.48,22.39999889,99.73679,44.13532
Pinus ponderosa,27.43,27.69000074,34.464685,22.9836
Pinus ponderosa,43.18,35.58000047,68.150309,106.4041
Pinus ponderosa,38.86,33.12000106,46.32606,58.24071
Pinus ponderosa,52.58,41.16000258,160.993131,214.34109
Pinus ponderosa,20.83,23.34000042,9.806496,8.25614
Pinus ponderosa,24.13,25.94000095,20.74328,22.60111
Pinus ponderosa,24.89,25.11000022,21.649603,16.77015
Pinus ponderosa,45.97,30.3899993,66.633675,87.36908
Pinus ponderosa,35.05,28.39999855,54.267994,51.09006
Pinus ponderosa,23.88,23.38000056,19.84468,13.98343
Pinus ponderosa,60.2,31.72999928,131.727303,408.33826
Pinus ponderosa,12.45,7.360000515,22.365837,16.98648
Pinus ponderosa,4.83,3.569999832,2.636336,1.7781
Pinus ponderosa,70.61,31.92999734,411.160376,1182.42222
Pinus ponderosa,11.43,6.919999749,15.476022,9.25151
Pinus ponderosa,11.94,5.849999418,14.493428,7.55701
Pinus ponderosa,60.2,35.13999818,169.053644,658.23971
Pinus monticola,60.71,39.84000257,139.651156,139.2559
Pinus monticola,70.61,40.65999885,376.308256,541.30618
Pinus monticola,57.66,38.88999786,417.209436,310.56688
Pinus monticola,43.13,36.23999975,103.672633,100.40178
Pinus monticola,18.29,23.1300004,33.71358,14.48567
Pinus monticola,43.43,37.5899983,116.154916,108.44781
Pinus monticola,18.54,21.28999927,44.934469,16.54457
Pinus monticola,12.95,13.43999951,18.855867,8.71068
Pinus monticola,37.85,36.59,154.078625,72.02907
Pinus monticola,26.92,29.049999239999998,70.602797,35.87333
Pinus monticola,38.61,35.51999923,169.163842,114.06445
Pinus monticola,6.48,5.420000304,7.650902,3.50621
Pinus monticola,31.75,34.55999883,93.072006,44.72725
Pinus monticola,73.66,44.64000038,277.49436,275.71655
Pinus monticola,28.19,22.59000012,131.856837,91.76231
Pinus monticola,61.47,44.9899975,121.428976,199.86339
Pinus monticola,51.56,40.22999936,212.443589,220.55688
Pinus monticola,18.29,12.97999965,82.093031,28.04785
Pinus monticola,8.38,4.949999798,6.551044,4.36969
